{"cameraMode":{"drawMode":0,"name":"Shaded","section":"Shading Mode"},"sceneLighting":true,"audioPlay":false,"sceneViewState":{"showFog":true,"showMaterialUpdate":true,"showSkybox":true,"showFlares":true,"showImageEffects":true,"showParticleSystems":true},"in2DMode":false,"pivot":{"x":-0.0729217529296875,"y":1.3203125,"z":-1.9208984375},"rotation":{"x":0.6634073257446289,"y":-0.006734017748385668,"z":0.005970797501504421,"w":0.7482051849365234},"size":39.65663528442383,"orthographic":true}